,Message,Target
0,Pak PM survives removal scare,1
1, but court orders further probe into corruption charge. ,1
2,Supreme Court quashes criminal complaint against cricketer for allegedly depicting himself as on magazine cover.,1
3,Art of Living's fights back over Yamuna floodplain damage,1
4, livid. ,1
5,FCRA slap on NGO for lobbying...But was it doing so as part of govt campaign? ,1
6,Why doctors,1
7, pharma companies are opposing names on ,1
8,Why a bicycle and not a CM asked. His officer learnt ground reality -- and  a dip in a river. ,1
9,It's 2017. making law to ban And MHA is sitting on draft. ,1
10,Rivals govts unite to act against sex-determination tests. ,1
11,Haryana peasants demand justice for right to cattle trade. ,0
12,Why schools in Calcutta (and elsewhere) are stunned by imposition plan. ,1
13,Why renamed places in ,1
14,Oooh! the shame,1
15, the trauma... of driving without the red,1
16, flashing light. (And paying for parking). ,0
17,Now have to learn to live without that flashing red light. ,0
18,BJP leaders in the dock,1
19, lose their light,0
20, naming game,1
21, and more. Also in epaper. ,0
22,UK Parliament votes by 522 to 13 in favour of early national ,0
23,April 19 1906: Nobel Laureate Pierre Curie was run over by a horse-drawn wagon near the Pont Neuf,0
24, Paris,1
25, and killed ,1
26,India to end culture of sirens on cars. ,1
27,From May 1,1
28, only on vehicles: Gadkari.,1
29,No from now on cars of PM,1
30, ministers: transport minister Nitin Gadkari after Cabinet meet. ,1
31,44 feared killed as bus falls into River Tons in Nerwa area of district: police. ,1
32,BSF dismisses Constable Tej Bahadur Yadav from service after a court of inquiry. Bad quality food allegations were base,1
33,jawan Tej Bahadur Yadav,1
34, who took to social media complaining of bad food,1
35, dismissed from service after inquiry.,1
36,U.S. to review lifting of sanctions on Iran: Tillerson ,1
37,Huge haul of milk-boosting hormone in Calcutta. ,0
38,Good news from it seems are thriving at Valmiki reserve. ,0
39,In Sushil Modi lists property chain. ,1
40,3 queens take centrestage. ,1
41,A peek into FIR against leaders in case. ,1
42,Spurned by mom,1
43, this baby at Calcutta has died. ,1
44,India may make it illegal for social messaging platforms to share personal data. ,1
45,Why extradition could take ages. ,1
46,March 20. Plus 15 days. Equals...,1
47,KP Nayar on why discrediting military justice system will not help case. ,1
48,Sharad wants Gujarat CM arrested for trying to push making meat a communal issue.  ,0
49,Man shouts at wife in family court. And walks out. ,1
50,Overburdened says it may not be able to hold for college teachers this year. ,0
51,President backs move to make mandatory up to Class X. ,1
52,Nationalist trend spreads-- tightens rules to shield local jobs (and keep out Indians). ,1
53,Visa 'selfie' by CBSE's plans,1
54, blessing,1
55, cloud over and more. Also in epaper. ,0
56,Scotland Yard arrests in London,1
57, but court grants him bail. ,1
58,Liquor baron declared a proclaimed offender,1
59, on extradition warrant: Scotland Yard.,1
60,British Prime Minister Theresa May says she wants to hold early election on June 8: Reuters,0
61, quoting BBC ,1
62,Supreme Court seeks govt's response on a plea to frame national policy to promote and ,1
63,JK: Schools  colleges shut down after clashes,1
64, demands Presidential rule ,1
65,Beetle from grips litchi crop in ,1
66,Supreme Court asks govt to explain why need pre-censorship.  ,1
67,US NSA H.R. to arrive in today; to hold talks with NSA ,1
68,Why you should shun water at beaches. ,1
69,Having lost Kerala bypoll,1
70, won't have to keep its promise of 'good quality ,0
71,So,1
72, is -- and not to blame for stipend crisis faced by 4000 scholars? ,1
73,The middleman (or conman) nephew tapped to bribe election commission officials. ,1
74,Can  Air India enforce fines on unruly passengers for ,1
75,Top law advisor backs use of human shield,0
76, but some veteran generals see breach. ,1
77,Arrest of a conman and bribe charges against nephew churns politics. ,1
78,How cloaked debate in Draupadi's robes. ,1
79,Draupadi and campuses in erupt,1
80, politics,1
81, and more. Also in epaper. .1,0
82,CBI books 12 leaders in case. ,1
83,Supreme Court summons boss,1
84, orders sale of slice. ,1
85,SC summons Home Secretaries of West Bengal,1
86, UP,1
87, Karnataka,1
88, Tamil Nadu,1
89, Bihar  Jharkhand for nice try filling police vacancie,0
90,Manini Chatterjee on why writings are still an indictment of India. ,1
91,Why wants paper trail in elections. ,0
92,Govt to set up panel to study service conditions of paramilitary forces. ,1
93,Amit Roy on an potboiler.  ,1
94,Muslim body lays down code of conduct during divorce,1
95, but won't ban ,1
96,Modi's call to ensure justice for women facing evil customs.  ,1
97,PM's pitch for sisters,1
98, board's stand on an potboiler. And more. Also in epaper. ,0
99,Why the always meets this man when he visits eastern India. ,1
100,Secessionists in and the next generation. ,1
101,In 7Days: secessionists,1
102, tete-a-tete with a former president,1
103, a dying language,1
104, and more. ,0
105,Farooq Abdullah wins seat -- with just 4% of total votes. ,0
106,No govt probe yet into video on by army. ,1
107,As learns to follow rules,1
108, funds for poor students dry up. ,1
109,From panchayat to Parliament seems to be boss Amit Shah's goal. ,1
110,Why the PM may hang out,1
111, but you should not. ,1
112,A PM who hangs out,1
113, lotus garden dreams,1
114, cash lock on JNU students and more. Also in epaper. ,0
115,7 coaches of Meerut-Lucknow Rajya Rani Express derail near Rampur,0
116, Uttar Pradesh VIDEO: ,1
117,Counting of votes for to Lok Sabha constituency begins.,1
118,What Calcutta is doing to get mom to accept her calf. ,1
119,To stress dress code,1
120, Mecca issues picture cards. ,1
121,Security on border put at risk by trade. ,1
122,With national body meeting,1
123, readies stage for 2019. ,1
124,6 features of extended stay in ,1
125,BSP boss is not averse to joining forces with non-BJP parties. ,1
126,Army under fire after alleged tactic in  ,1
127,The untold love story of and Ayesha Mukherjee. ,0
128,Vile tactic in Valley,1
129, a love story,0
130, a giraffe spurns its calf,1
131, Gandhi  Champaran,1
132, and more. Also in epaper. .2,0
133,Man seen tied to army jeep in video from JK identified,1
134, while the unit involved was PTI,1
135, quoting officials,1
136,3 arrested in connection with of men on polling day in Budgam on April 9: Police.,1
137,Hijacked Indian Dhow Al-Kausar released ,1
138,Good show by pales next to 329% jump in imports. ,0
139,Transparency in Looking for India's ranking? Start at the bottom. ,1
140,How to stop (and loot) a express with just a coin. ,1
141,States rename roads to duck ban on but top court won't step in till after summer break. ,0
142,Research seats at hit again as regulator tightens rules for guides. ,1
143,How lost its deposit in Rajouri Garden stronghold. ,1
144,In Bengal Trinamool vote share goes up,1
145, but surges to runner-up slot. ,1
146,3 men die trying to save friend from on  ,1
147,What results mean for others. ,1
148,Half full,0
149, half empty for cloud over research,1
150, breather for highway booze,1
151, and more. Also in epaper. .3,0
152,Setting up court at home,1
153, Justice asks Chief Justice of India,1
154, bench to appear before him. ,1
155,Dargah Trust volunteers in SC to clear in 908sq metre.,0
156,President clears for pieces of supporting legislation related to ,0
157,By-polls: retains Kanthi Dakshin,1
158, retains assembly seat ,1
159,7% voter turnout in Kashmir's re-poll ,1
160,All you need to know about Election Commission's 'open challenge' to hack ,1
161,Foreign journalists in North Korea gather for 'big event' amid tensions ,1
162,Rehearsing for and more. In our Guwahati epaper. ,0
163,Cops dug out these to  healers who were buried alive for practising ,0
164,Bihar sets Rs25lakh fee for who skip after subsidised education. ,1
165,A visit to retracing trip. ,1
166,Why may not show in ,1
167,Did the Supreme Court chicken out while deciding on ,1
168,How (but not failed govt's birthplace test. ,0
169,10 years,1
170, Rs 42 crore needed to repair damage to floodplain from event. ,1
171,Try hacking India's Election Commission challenges all. ,1
172,never wanted cows to become  a burden on farmers,1
173, Pawar points out. ,1
174,Bounty on Savarkar on Yamuna damage bill,1
175, Sita's birthplace,1
176, and more. Also in epaper. .4,0
177,20 IAS officers in including Principal Secretary Information Navneet Sehgal,1
178, transferred in 1st major shuffle by ,0
179,Centre moves against Supreme Court verdict lifting shield. ,1
180,Crusader pleads for saving ,1
181,Sangh puts up show of strength in ,1
182,India,1
183, to look beyond defence during visit. ,1
184,Murder of Pune activist fuels fears against revived UPA clause in law. ,1
185,In few tears for father of 3 killed by stones. ,1
186,Sukanta Chaudhuri on and what it means for Indian ,1
187,scraps pension yojana. Cycle tracks may also be broken,1
188, say sources,1
189,Subir Bhaumik on why in should worry Calcutta,1
190, Guwahati. ,1
191,Even benchmark for pro-poor leader seems to be ,1
192,How had offered India consular access to ,1
193,Pak terms for access,1
194, model for Modi,1
195, activist is killed,1
196, and more. Also in epaper. .5,0
197,Defence Partnership ,1
198,Preliminary enquiry by against Health Minister for alleged money laundering.,1
199,Menu at dinner: praise for And more praise. ,0
200,Why body will not pull up either or ,1
201,Chain of wrong drugs. No senior doctor to check. Then death. All this at Delhi.  ,1
202,What to  men said when cops found carcass in car boot... ,1
203,How bypoll was put off-- on ruling combine's request. ,1
204,Admission of defeat in Kashmir,1
205, tougher road laws,1
206, Leander and Mahesh get away,1
207, and more. Also in epaper. .6,0
208,PM and Australian PM at Temple ,1
209,Pak court sentences to death for spying. ,1
210,Lok Sabha adjourned for 3rd time till 1.50pm as Opposition uproar over leader Tarun Vijay's remarks continues. ,1
211,Cong forced to  adjournments in pre-noon session over alleged misuse of ED and CBI against opposition Chief Ministers.,1
212,The How and Why of (or,1
213, how not to bore your friends). ,1
214,Few takers in for Mamata's Torsa plan. ,1
215,Govt mulls giving power to award to teachers. ,1
216,Some see hope in comments. ,1
217,Not  a girl reared by monkeys,1
218, after all. ,1
219,Fewer Pollution,1
220, paddy fields could be to blame. ,1
221,8 killed in election violence,1
222, record low turnout. ,1
223,Road safety crusader to fight bid to bypass order on highway ,1
224,Badly equipped surgery,1
225, panic and deaths. At India's top hospital. ,0
226,Killed in deaths in not girl after all. And more. Also in epaper. ,0
227,Indian Navy Ships respond to Piracy Attack on Foreign Merchant Vessel in Gulf of Aden ,1
228,All you need to know about 2017 across eight states VIDEO: ,1
229,3 killed,1
230, several injured as mobs storm polling booths; Low 3.3 % turnout till 11 am ,1
231,Mukul Kesavan on how  justifies even though it controls the machinery of the state. ,1
232,We,1
233, the People of are going back to a economy,1
234, numbers show. ,1
235,No supporting any activity that is violent...against the law: Ram Madhav.  ,1
236,India has changed,1
237, the has to re-invent itself,1
238, Ram Madhav tells ,1
239,3 quaint digs for those on a budget (or even less). ,1
240,full interview inside in 7 Days. ,0
241,Calcutta's suddenly cannot have enough of mother's dishes --but outsourced from outlets. ,1
242,There is no barometer for patriotism,1
243, Ram Madhav tells in a wide-ranging interview. ,1
244,In 7 Days: QA with Ram Madhav,1
245, road to economy,1
246, home-cooked food,1
247, and more. .1,0
248,A to tackle less wheat,1
249, mangoes,1
250, chicken; more pulses,1
251, veggies,1
252, mutton,1
253, ,1
254,Govt to go after militants with 'utmost harshness',1
255, Ram Madhav tells .1,1
256,5640 is less than 155 in world,1
257, as she opts for over ,1
258,Modi promises early deal. But... ,0
259,Modi takes plunge,1
260, Raje's Stock-home syndrome,1
261, strategy,1
262, and more. Also in epaper. .7,0
263,Andhra govt to turn a into a museum. ,1
264,for private airlines follow in revoking flying ban on Sena's ,1
265,Man arrested over truck deaths suspected to have carried out attack.,1
266,22 agreements signed,1
267, but water pact remains elusive for India,1
268, .1,1
269,Vijayvargiya dares to arrest leaders. ,1
270,Theme village on or a sanctuary? ,1
271,Reservoirs to financial deal,1
272, works on options to get backing on ,1
273,Sunanda K Datta-Ray on why political ethos must be faulted for the racist attacks on students. ,1
274,How lawmaker ticked 3 boxes: supremacist,1
275, upper-caste,1
276, Hindi-belt party. ,1
277,Modi's gesture for BJP's spot,1
278, Air India lifts no-fly ban on MP,1
279, and more. Also in epaper. .8,0
280,In stone-pelters miss Mehbooba's brother but he gets the message. ,1
281,A tale of to  prime ministers,1
282, told by GST. ,1
283,Modi had tested waters with letter to on ,1
284,As lands in Delhi,1
285, an untold story of how Pranab Mukherjee nixed plan to unseat her. ,1
286,Close shave for passengers of and planes at Delhi airport. ,1
287,What Sushma forgot in racism sermon: Modi,1
288, MMS too had cried racism while Oz was probing Indian attacks  ,1
289,Supreme Court asks 6 states to explain why vigilantes should not be banned. ,1
290,Perfectly happy with the players we've got,0
291, Sanjiv Goenka tells ,1
292,Bengal in a fix over bars: pay for repairs,1
293, or let take a hit? ,1
294,How sword-wielding processions left gaping. ,1
295,5 kids orphaned: their parents were branded and hacked to death. ,1
296,Air India to tighten security at Mumbai  Pune as threatens to stall airline's operations there. ,1
297,RBI keeps policy rate unchanged at 6.25%.,1
298,Sena's apologises in Parliament,1
299, but won't say sorry to man he had assaulted. ,1
300,China lodges protest with India's Ambassador in Vijay Gokhale over the visit to Arunachal Pradesh: Foreign Ministry.,1
301,No Change in word limit in RTI queries; no application will be rejected only on the ground of containing more than 500,0
302,KP Nayar on why Narendra Modi can be satisfied with his policy. ,0
303,In court's limit of 500m leaves very few watering holes (and is dry). ,1
304,Voting pattern shows cofounder,1
305, wife were split over COO ,1
306,What did for some stretches of highways (to save bars?). ,1
307,Riddle over 'formerly' tag on collection. ,1
308,Mystery over art,1
309,  roads,1
310, what 500m is in And more. Also in epaper. ,0
311,Trump repeals Obama-era broadband rules. ,1
312,High Court orders govt to waive of all drought-hit farmers. ,0
313,India's old ties with should continue to be nurtured,0
314, says Kanwal Sibal. ,1
315,Bengal looks at ways to change classification of to bypass order. ,1
316,After SC ban,1
317, worries about unsold stocks. ,1
318,UP: to hold his 1st cabinet meeting today,1
319, big decisions expected,1
320,Trump signs repeal of U.S. broadband privacy rules ,1
321,A initiative helps generate shield in Sundarbans. ,1
322,India plans to deport refugees. ,1
323,Education rankings throw up surprises. ,1
324,After attacks,1
325, envoys upset by silence of and ,1
326,Why African envoys are upset,1
327, best colleges and varsities,0
328, ill-fitting dentures,1
329, and more. Also in epaper. .9,0
330,To know about the safety features of watch special interview with Dr. Ajay Bhushan Pandey,0
331, CEO today at 7,1
332,Mohandas Pai backs Murthy against COO pay hike. ,1
333,Somali grab Indian with 11 crew members. ,1
334,Corrected. Thanks.,0
335,Poll data show still rules the roost in ,1
336,BIG STORY: African envoys slam Indian govt for not condemning Gr Noida attack enough; say no visible,1
337, sufficient measures,1
338,MCD polls: releases second list of 127 candidates,1
339,Daddy dearest,1
340, grooming season dawns in Madhya Pradesh ,1
341,SC to hear petition challenging Bombay HC order on beef ban,0
342,Keeping an eye on your house,1
343, fixing iPhone storage issues and more. in ,0
344,Why India is not ready for manipulation in human embryos. ,1
345,Virulent are going against India's culture (and census),1
346, says Manini Chatterjee. ,1
347,Son of chief minister reveals his political ambition. ,1
348,Why should only private doctors face punishment? ,1
349,How is going against the wave of transparency in ,1
350,India's opaque law,1
351,  Bengal wishlist,1
352, virulent and more. Also in epaper. ,0
353,The timeline. ,1
354,diary items  ,1
355,What do religious have against atheists and ,1
356,At Balagarh in the dying art of ,1
357,Generation to generation,1
358, indignation remains well-fed,1
359, writes Sonia Sarkar. ,1
360,A few reasons to celebrate the uncelebrated,1
361, and sing the song of the sullied. ,1
362,In UP,1
363, carcasses found at home of govt doctor into drugs. ,1
364,In 7 Days: Kashmiri indignation,1
365, Begum Jaan,1
366, vanishing boatmakers,1
367, and more. Also in epaper. .10,0
368,What happened to restaurants along highways after ban on bars. ,1
369,Flutter at trial raises fresh scare about accuracy. ,0
370,Bypassing highway ban,1
371, trial raises rigging fears,1
372, killers to hang,1
373, and more. Also in epaper. .11,0
374,Why Sena lawmakers are opposing harsher steps for those assaulting public servants. ,1
375,Delhi Police has arrested MD Ajay Chandra for not developing a project despite getting funds from investors. ,1
376,ED finds leader Chhagan Bhujbal's connection with shell companies after conducting raids in and ,1
377,convoy attacked on Parimpora-Panthachowk bypass in Police,1
378,These are things that will get cheaper  costlier for you from April 1 ,1
379,Saha's preference: One-dayers  T20s ,1
380,Ram Guha on what he finds outstanding about Shivshankar Menon's book Choices. ,0
381,How theatre festival got muffled. ,1
382,In case for costs NGO a contract for soup kitchens. ,1
383,How to win friends and influence people. With cows. ,0
384,For first time in 3 decades,0
385, rate falls below 8%. ,1
386,Scientists build case for against bites,1
387, contact. ,1
388,India's Supreme Court shuts highway booze hatch. ,1
389,How became a avenger with no mercy. ,1
390,Gujarat turns avenger,1
391, prices slashed,1
392, case for bat and more. Also in epaper. ,0
393,8 core sectors slow down to 1% in Feb 2017 against 9.4% in Feb 2016. ,1
394,Govt cuts rates on schemes marginally. ,1
395,Two Indians kidnapped in South Sudan released,1
396,Justice faces Supreme Court,1
397, gets for weeks to reply in case. ,1
398,India using to tackle insurgents. ,1
399,India readies $5bn credit line for as backup. ,1
400,No relief yet for sellers in ,1
401,In new TV channel's bedroom journalism on trial. ,0
402,India rushes to put out fire. ,1
403,7 Indian to scrap tags for handbaggage. ,1
404,Supreme Court may hear key cases during summer break. ,1
405,Apex court puts work first,0
406, hotel fire in Calcutta,1
407, bedroom journalism on trial,1
408, and more. Also in epaper. .12,0
409,NGT punches holes in Delhi fuel supply chain with ban on old tankers.  ,0
410,Z-plus cover for Uttar Pradesh Chief Minister ,1
411,Not a single idea from Opposition on clean says ,0
412,Make in built in Westward ho! for Calcutta estate. Read ,1
413,No stamping  tagging of fliers' hand baggage at 7 major from April 1. ,0
414,52 injured as Jabalpur-Delhi train derails near half train carries on after delay. ,1
415,Latest attacks on African students threaten India's most intense diplomatic outreach to continent ,0
416,The first group of locals came forward yesterday with cakes and cards for african victims of racist mob violence ,0
417,WHO in drive to check errors. ,1
418,UGC extends funding scheme for ,1
419,Eight coaches of derail near station in Uttar Pradesh,0
420, nine injured: CPRO North Central Railway.,1
421,SC to hear various petitions on the Constitutional legitimacy of today ,1
422,When protestors in began trying to rescue trapped ,1
423,Did just bring into the sharing issue? ,1
424,to  days to sell 96000 trucks  buses,1
425, 670000 bikes,1
426, 16000 cars and 40000 autos.  ,1
427,824000 new vehicles trashed,0
428, home truths,1
429, Dhaka talks Chinese and more. Also in epaper. ,0
430,Music legend will receive his diploma and medal in Stockholm in the next few days,1
431,Unnamed: 431,1
432,Nashri Tunnel: PM to inaugurate India's longest road tunnel VIDEO: ,1
433,Toshiba approves Chapter 11 filing for nuclear unit Westinghouse: Nikkei ,1
434,On epic migration  campaign that ended its slaughter in pit stop. ,0
435,Abha Narain Lambah on her mission to restore Capitol Complex in ,1
436,Only to  ways to tackle world's says Prabhat Patnaik. ,1
437,Fear and outrage among students from in Delhi,1
438, .2,1
439,In varsity,1
440, mood is against communalism,1
441, and hijabs stand for not radicalisation.  ,1
442,Militant wing welcomes but asks him not to speak against ,1
443,3 shot dead in as protestors try to rescue ,1
444,For this visiting Prime Minister,1
445, spell endures. ,1
446,Perch on the peak,1
447, African hunt in Noida,1
448, Kabali's spell,1
449, and more. Also in epaper. .13,0
450,This mighty Albatross carried missile torpedoes,0
451, depth charges  sonobuoys.Pse note the 'msl-torp' getting released,1
452,going through paces of decommissioing. Very poignant moment for IN/ air arm - to  give a send off to  a true War Horse,0
453,attacked in Five arrested,1
454, CM assures impartial probe ,1
455,Ashok V Desai notes that is yet to say a word on whether achieved its goals. ,1
456,Govt looking at getting Sena MP out of list. ,1
457,What Supreme Court said about welfare schemes and proof. ,1
458,India's force wants 20 MPs named and shamed for antics. ,0
459,44 days of extreme That's the prediction for ,1
460,Heat wave coming,1
461, handling bullies,1
462, and welfare,1
463, and more. Also in epaper. .14,0
464,A 7-judge bench has to be set up to hear the pleas challenging but right now it is not possible: ,0
465,Govt,1
466, however,1
467, cannot be stopped from using in other schemes like opening of bank accounts,1
468, says ,1
469,Government cannot make mandatory for extending benefits of its welfare schemes: ,1
470,Manini Chatterjee on how the is adopting all the of the of yore. ,1
471,Life in a dark corner of has become magical after villagers got their 1st this year. ,0
472,When gave this MP a bus all to himself to board flight...as 'goodwill' ,1
473,Ignorance and shape Indians' attitude towards ,1
474,Some diplomats worry over choice of as chief minister. ,1
475,MP Sushmita Dev's plea to keep out of takes wings online. ,1
476,BJP's flagging campaign,1
477, and Modi's comment. ,1
478,Envoys  worry over India and taxing sanitary napkins,1
479, clue,1
480, and more. Also in epaper. .15,0
481,The iconoclasm of Carnatic exponent and how he is moving beyond the the artificial boundaries. ,1
482,For Matthew Hayden,1
483, India versus Australia is Holyfield versus Tyson ,1
484,Puritans and critics be damned,1
485, is effective and his figures show that. ,0
486,What means to Mathew Hayden. ,1
487,Sajeda Momin on why as CM is a logical milestone of the death of the ,0
488,On electile dysfunction (among losers),1
489, the case for and electoral reforms. ,1
490,How self-belief has kept him on top of the game. ,0
491,Despite its IT edge,1
492, can't defend its digital assets from ,1
493,How TM Krishna took beyond fixed formats,0
494, venues and audiences. ,1
495,In 7Days: cricket's commoner prince,1
496, Adityanath's rise,1
497, Calcutta's timekeepers,1
498, and more. .2,0
499,The tick-tock brotherhood that keeps Calcutta's old running. ,0
500,How 4000 Punjab cops spent night preventing by filling breach in wall with ,1
501,Cash rewards likely for doctors following correct protocol. ,1
502,Why India is trying to seal with  ,1
503,Can a man equated with the Great Leap backwards talk of asks Mukul Kesavan. ,0
504,Centre overrides Bengal,1
505, sets 1 for 800,1
506,000 seats across 3400 colleges. ,1
507,KP Nayar on why failure to repeal is a wake-up call for him. ,1
508,Wake-up call for Trump,1
509, progress or the Great Leap backwards,0
510, electile dysfunction,1
511, and more. Also in epaper. .16,0
512,Development of all,1
513, appeasement of none is the policy of my govt,1
514, says UP chief minister Yogi ,1
515,Delhi CM put on trial in a criminal defamation case filed against him by Union Minister Arun Jaitley in matter.,1
516,UP female cops take selfies while guarding acid attack victim in hospital,1
517, suspended ,1
518,Sunanda Datta-Ray on the journey from light to ,0
519,Modi govt to consult on before talking to ,1
520,Car sales recover from in all regions -- barring east and  ,1
521,Shashank Manohar to stay on as chairman till June meet. ,1
522,In Bengal,1
523, made to trek 2km to fetch water for ,1
524,What industrialists did when asked them a question on ,1
525,So.1,1
526, and share a bugbear. ,1
527,Why a list may not be a good idea. ,0
528,India's list,1
529, quiz for industry,1
530, common bugbear for India and and more. Also in epaper. ,0
531,ED issues notice to for violation of provisions to the tune of Rs 73 crore in IPL.,1
532,Vistara joins for pervert airlines in call for list after assault on Air India manager by MP ,1
533,Supreme Court asks poll panel if security of needs to be tested,1
534, as petitioner wants. ,0
535,After assault on Air India manager,1
536, MP put on no-fly list by for pervert airlines as well. ,1
537,Twitter explores premium version after 11 years as a free service ,0
538,India's to go in 6 months. ,1
539,Administrators named for cricket body. ,1
540,Govt drops plan to slip in pseudo ,1
541,1st round of talks held,1
542, without hawks. ,1
543,In Lucknow,1
544, the famed has to conform. ,1
545,Lucknow's falls,1
546, guns for BJP,1
547, govt ducks call for vote verifiers,1
548, and more. Also in epaper. .17,0
549,Unruly behaviour and violence on our aviation network is regrettable. Each such incident will be investigated and appropri,1
550,7 arrested in attack case; police see link. ,1
551,UPDATE: British police arrest seven in probe into attack on ,1
552,7 arrested in attack probe. ,1
553,British police probing background of terrorist. ,1
554,Bombay High Court directs protesting resident in to resume duty immediately,0
555,Swapan Dasgupta on how elections have dashed hopes that would weaken. ,1
556,People wanted to buy in bulk from govt,1
557, take it home to...well,1
558, Nitish is not stupid.  ,0
559,In UP ministry,1
560, keeps 36 portfolios for himself. ,1
561,In Bihar meet,1
562, to  ask questions-- and get to spend 6 hours with cops (but no answers). ,1
563,40,1
564,000 join the 4500  already on in after assaults. ,1
565,Despair at after research seats are slashed. ,1
566,7 in car crushed under tanker carrying molten tar. ,1
567,How govt slipped in secrecy clause over by companies. ,1
568,Attack on Westminster,1
569, cash cloak for parties,1
570, molten tar wipes out family,1
571, and more. Also in epaper. .18,0
572,LIVE: British police say there are casualties,0
573, including police in attack near UK parliament; cannot confirm number. ,0
574,The today doubles Annual contracts of India cricketers to Rs to  crore,1
575, Rs 1 crore and Rs 50 lakh respectiv,1
576,TN farmers in skull protest in Delhi ,1
577,UP CM bans paan,1
578, chewing in govt offices,1
579, hospitals,1
580, schools,1
581, colleges --for a healthy ,0
582,Ugly high-rises are taking over while grand structures are being ignored,1
583, bungalows razed. ,1
584,Committee constituted by the Ministry has recommended that city taxis should be allowed to run on App Based platforms. ,1
585,Chief Minister bans paan masala,1
586, gutka,1
587, polythene in all government offices in ,1
588,Has just ordered a ban on all  ,1
589,Who drafted challenge to high court order in case,0
590, bureaucrats wonder. ,1
591,With 84% cut in research seats,1
592, most elite centres (including will have no intake. ,0
593,Crude 'architecture' is taking over the world's only city with for buildings by ,1
594,Crude buildings are taking over the only city in the world with for iconic buildings by ,1
595,Anti-Romeo squad starts in Lucknow VIDEO: ,1
596,Effigies burn on JNU strike after 84% research seat cut and affirmative action junked ,0
597,KP Nayar on why,1
598, for the way to Europe lies through ,1
599,After steps in,1
600, Bihar to tell why govt rejected an idea. ,1
601,How slashed research seats,1
602, why is key to Europe,1
603, revisited,1
604, and more. Also in epaper. .19,0
605,SC issues notices to Centre,1
606, Election Commission on plea seeking scrapping of and other benefits given to ,1
607,I'm one year younger to  one year elder to in ,1
608,Govt proposes limit of Rs to  lakh on down from Rs 3 lakh as proposed in ,1
609,Supreme Court says final hearing of disputes case from July 11.,1
610,Supreme Court says it will auction Aamby Valley project if money is not paid by and others.,1
611,Supreme Court takes on record 'unqualified apology' tendered by Bengal counsel,1
612, dismisses plea as withdrawn. ,1
613,Supreme Court terms as 'unfortunate' the grounds cited by Bengal govt in its plea against HC order asking CBI to take over case,1
614,Supreme Court refuses to stay CBI probe into sting in which several leaders were allegedly caught on camera taking money.,1
615,to visit today for the 1st time after taking oath as UP CM ,1
616,inhe sikhaiye!!! MSY requests to teach ropes of politics..,1
617,Patna zoo to sell nesting boxes for ,1
618,Patna's tires out machine. ,1
619,Protein from an Australian venom may help victims recover faster. ,1
620,Why choice of as CM is giving UP the jitters. ,1
621,BJP rushes to shake off upper-caste tag. ,1
622,In village,1
623, headmaster finds truant kids harvesting crop. ,1
624,So.2,1
625, has agreed to teach the ropes? ,1
626,A tutor for kids roped in for harvest,1
627, a telecom giant is born,1
628, and more. Also in epaper. .20,0
629,Britain to trigger Brexit on March 29: ,1
630,Govt to merge Bharatiya Mahila Bank with for greater services outreach to ,0
631,High Court grants stay on criminal proceedings against minister in case filed by MLA Mohua Moitra.,1
632,the agitation is delayed by 15 days. The trouble will soon come.. ,1
633,BSP leader shot dead late last night,1
634, murderers at large,0
635,4000 migrated in 2015 to shield their capital. ,1
636,After 65 years,1
637, Bengal unit of finally gets a full-time chief. ,1
638,No,1
639, minister,1
640, there is no project from India to test on the ,1
641,Haryana's have called off march to and siege of  Parliament. ,1
642,Yogi vows to work for all. ,1
643,After the BJP is certain it can get away with anything,0
644, says Manini Chatterjee. .1,1
645,After mass bunking,1
646, orders a weekly for all trainees. ,1
647,Fans of see him as a future PM. ,1
648,Yogi as PM,1
649, Sunday holiday for recruits,1
650, on the Moon. And more. Also in epaper. ,0
651,Give a trial run for to  months,1
652, says .1,1
653,tells to give 2-month trial run. Also disagrees is a vote for ,1
654,Centre mobilises 247 companies (about 24,1
655,700 personnel) of paramilitary forces in Haryana,1
656, Delhi  Uttar Pradesh in view of ,1
657,government okays 33% reservation for women in state jobs ,1
658,Yogendra Yadav on the future of India under why get it wrong,1
659, and more. .3,0
660,What does it take to be a in the eyes of the ,1
661,Parties led by can't seem to look beyond family for top posts.  ,0
662,In 7 Days: The BJP's 'good dynastic parties,0
663, Bengalis get their local again,1
664, and more. .4,0
665,set to take oath as UP CM today,1
666,  to be sworn in as Deputy CMs ,1
667,BJP sees stamp missing in choice. ,1
668,How BJP sold development -- and then sprang a hawk. ,1
669,Former captain Michael John Clarke on strengths of a team,1
670, leadership and more. ,0
671,In a BJP govt with faces. ,1
672,The graveyard echo in choice as chief minister. ,1
673,BJP stuns with UGC letter a forgery,1
674, doctors split over Bengal Bill. And more,0
675, also in epaper. ,1
676,Yogi to be sworn in as chief minister on Sunday afternoon. ,1
677,Yogi Adityanath arrives at the venue of meeting of MLAs amid talk that he will be named chief minister,1
678,'Shocked' by HC order on handover to CBI,1
679, vows to move Supreme Court. ,1
680,to retain TV innings. ,1
681,Whatever India offers the biggest issue is ,0
682,Calcutta HC sends case to CBI. ,1
683,How went to meet ,1
684,How Rahul met HC gives to CBI,1
685, dig at Amartya,1
686, and more. Also in epaper. .21,0
687,HRD to stop funding research on  social exclusion,0
688, report  ,1
689,The oath taking of new UP CM  to take place at 5 pm on Sunday: Keshav Prasad Maurya ,0
690,HC directs to conclude preliminary inquiry within 72 hours and register FIR,1
691, if required.,1
692,Calcutta High Court orders to probe sting operation.,0
693,No serious concerns regarding India captain 's shoulder injury,0
694, says .2,1
695,Cloud over state boss Keshav Maurya's chances of becoming chief minister. ,0
696,most likely to be elected as UP CM: Sources ,0
697,India urges to talk to ,1
698,What zoo is doing to mark ,1
699,100,1
700,000 in villages are taught to Google designs,1
701, recipes  skills. ,1
702,HC scraps plea against JNU norms. Seat cuts,1
703, 100 per cent viva to follow ,1
704,After surprise resignation by boss Manohar,1
705, back to square one. ,1
706,What happened to promised funds for ,1
707,Sudden blaze destroys bungalow. ,1
708,No Some Bengal traffic cops do the with pen and  paper. ,1
709,Leaving out has weakened travel ban order for Muslims,1
710, KP Nayar says. ,1
711,Funds fear on research,1
712, too hot,0
713, death on 1st solo trip and more. Also in epaper. ,0
714,Newly elected MLAs to meet in Lucknow on Mar 18. ,0
715,New Delhi: Health Minister briefs Media on LIVE: ,0
716,protected against tampering/manipulation: Election Commission ,1
717,Elaborate system in place to prevent misuse of EVMs: Election Commission ,0
718,NIA takes over investigations into Bhopal-Ujjain  train IED blast case,1
719, takes custody of 3 accused from Bhopal police ,1
720,No merit in claims that can be tampered with; such allegations are wild and baseless: ,0
721,Navjot Singh Sidhu sworn in as a cabinet minister of govt,1
722, greeted by CM Captain Amarinder Singh ,1
723,Capt Amarinder Singh takes oath as 26th Chief Minister of Watch LIVE:  ,0
724,British DHC Bruce Bucknell with Institute of Entrepreneurs Head Manoj Das discussing skill devt in NE at ,1
725,Akhilesh to meet newly elected SP MLAs today,0
726, to decide on new legislative party leader  future course of action. Will also,0
727,With 22 in support,1
728, CM to prove majority in assembly today.,1
729,Why will be a smooth affair for today ,0
730,When a man took his neighbour to court over pet dogs that bark at night-- and judge is a ,1
731,Regimes changes. Bullying of police officers does not. ,1
732,How returned to a warm welcome in ,0
733,Boss of India's largest cautions against waiving ,1
734,Laws cannot replace the trust and compassion between and ,1
735,Amit Chaudhuri on and why it is hard to give up the experience of pleasurable pain. ,1
736,Subir Bhaumik on how has cast a shadow over India's ties with ,1
737,Shashank Manohar quits And how! ,1
738,How boss quit,1
739, caution on loan waivers,1
740, arson on film sets,1
741, and more. Also in epaper. .22,0
742,Govt seems to have slipped in an in Budget2017. ,1
743,Govt seems to have slipped in an in Budget2017. .1,1
744,Rohith's buddy's autopsy caught in distrust ,1
745,Rape-accused leader Gayatri Prajapati nabbed --after roaming in Delhi,1
746, Gurgaon and Bengal. ,1
747,Municipal in to be held on April 22: State Election Commission,1
748,Manohar sworn in as chief minister of ,1
749,CM demands conducting MCD polls via ballot paper in place of EVMs ,1
750,SC refuses to stop from becoming CM,0
751, but calls floor test. ,1
752,Finance minister has been given additional charge of ministry of Rashtrapati Bhavan,1
753,Shri Arun Jaitley shall be assigned the charge of the Ministry of Defence,1
754, in addition to his existing portfolios,1
755,has accepted the resignation of Shri Manohar Parrikar from the Council of Ministers with immediate,1
756,FinMin Arun Jaitley given additional charge of Defence Ministry following Manohar Parikkar's resignation: Rashtrapati Bhav,1
757,No limits on cash withdrawals from today ,1
758,Parrikar resigns as defence minister,1
759, to be sworn in as chief minister tomorrow. ,1
760,The Hindu undercurrent that led to surge. My story from Feb.  ,1
761,Raj Bhavan denies reports of calling any party to form the government.,1
762,Governor asks Congress CM Okram Ibobi Singh to resign so that process of formation of next govt can be started.,1
763,walks; leaders bow before the 'Nayak'. My story  ,1
764,In this mandate,1
765, I see a new Highlights of PM speech at BJP HQ ,0
766,Oil prices hit three-month low as U.S. rig count climbs ,1
767,Assam lawmaker wants national body to save the ,0
768,200000 people turned up at in Bolpur for its famed ,1
769,Hardest interview of my life,1
770, says of her bid to enter ,1
771,Here's BSP theory on why with 71% population voted BJP. ,1
772,People don't want handouts,1
773, they want says at victory rally. ,1
774,Modi says people don't want handouts,1
775, Malala's Oxford entry,1
776, reverse polarisation and more. In special epaper link. ,0
777,No print edition today,1
778, but the same look at epaper at special link. ,0
779,Match referee and umpires went by the book,1
780, says .3,1
781,After BJP claims voters have risen above ,1
782,How has strengthened a sense of belonging among Calcutta's ,1
783,Hiring people for a task in which they have an edge. ,1
784,The consolidation of independent 2nd countrywide political entity. ,1
785,In 7Days today: BJP's expanding footprint,1
786, taking up gatka,1
787, Brit-bashing,1
788, hiring blind employees. And more. ,1
789,U.S. Attorney Preet Bharara is fired after refusing to quit. More here: ,0
790,Yogi Adityanath or Keshav Prasad Maurya,1
791, know the names of who can possibly be next UP CM VIDEO: ,1
792,Time for Modi's reforms. ,1
793,Piyush Srivastava looks at the stunning victory in ,0
794,Should be a black mark on report card?  ,1
795,How became demonetised notes in ,1
796,Why victory may be bad news for ,1
797,Mukul Kesavan on BCCI and the curious case of versus Steve Smith. ,1
798,How magic combined with organisational strength brought back 1-party system. ,0
799,How Modi won UP,1
800, dynasties demonetised,1
801, what the numbers say,1
802, and more. Also in epaper. .23,0
803,After 15 years,1
804, BJP captures in record show. ,1
805,Congress wins 77 seats in 117-member assembly,0
806, 1 short of two-thirds majority.,1
807,BJP (13 seats) fails to get majority in Congress emerges single largest party bagging 17 seats in 40-member House.,1
808,I congratulate Shri. Narendra Modi and the BJP on their victory in Uttar Pradesh  Uttarakhand,1
809,l Congratulate people of UP,1
810, we respect and accept the verdict: AIMIM chief ,1
811,l reaches Raj Bhavan in to tender resignation as UP CM ,1
812, I CM Laxmikant Parsekar tenders resignation. He lost to seeandidate Dayanand Sopte from see,1
813, I want to quit fighting any type of election: Irom Sharmila after losing her maiden election in (ANI),1
814,| I can understand the state ohf mind ohf ji right nohw. Hence,0
815,I dohn't want toh cohmment ohn it: Amit Shah oh,1
816,| chief press conference to begin shortly. Stay tuned.  ,1
817,gets majority in 117-member wins 59 seats,0
818, leading in 18 other seats.,1
819,As BJP heads for landslide win in Samajwadis concede defeat but Mayawati wants fresh polls using paper votes. ,0
820,UPDATE: Manhattan attorney Preet Bharara was asked to resign along with other Obama-era U.S. attorneys - DOJ. ,1
821,What Jharkhand body has been doing to upgrade pitch for test. ,1
822,Manipur Assembly Election Result Live: Congress ahead in 6 seats ,0
823,We will accept the people's mandate,1
824, says SP leader Shivpal Yadav ,1
825, l  Uttar Pradesh (leads/trends) 373/403 264 70 27 Others 12 ,1
826,What Jharkhand body has been doing to upgrade pitch for test. .1,1
827,How has become epicentre of industry in Bihar. ,1
828,In upright cop has his son arrested. ,1
829,Forecast for wet Dol (Sunday) and dry (Monday). ,1
830,Army chief's words ring in pellet-hit boy's ears. ,1
831,(leads/trends) 05/70 BJP: 3 CONG: to  Others: 0 ,0
832,(leads/trends) 26/117: BJP/SAD: 3,0
833, CONG: 17,1
834, AAP: 6,1
835, Others: 0,1
836,Uttar Pradesh (leads/trends) 103/for03 55 26 18 Others for ,1
837,Foreign policy must be rooted in ethics,1
838, Sunanda Datta-Ray says  as lines up visit to  ,1
839,Get all the latest  fastest updates on throughout the day here: ,0
840,Facing arrest warrant,1
841, high court judge again plays card. ,0
842,117 acquitted,1
843, 13 held guilty in murder.  ,1
844,These will be ready long before winners are named. ,0
845,13 guilty in murder,1
846, laddoos  winners,1
847, 1st warrant for judge,1
848, and more. Also in epaper. .24,0
849,India's production grew by 2.7% in January. ,1
850,Govt says Reliance and have tendered apologies for using Prime Minister's picture in their ads without permission.,1
851,Supreme Court issues arrest warrant to get high court judge to face case. ,0
852,How broke ranks with other bodies in east,1
853, again. ,1
854,Winners of awards at The Telegraph's - Advantage 2017. ,1
855,Amit Roy on tour in ,1
856,Bengal tops again --in of women and children. ,1
857,India's action against charity trigger spat with administration. ,0
858,In Assam,1
859, militants opt for poaching to fund outfit. ,1
860,South Korea's Constitutional Court upholds President Park's impeachment ,1
861,After plan to cap fees,1
862, private put expansion on hold. ,1
863,3 publishers close suit against photocopying of ,1
864,Akhilesh keeps options open on ,1
865,Akhilesh and his 'aunt',1
866, publishers lose to photocopiers,1
867, Bengal bill scares pervert schools,1
868, and more. Also in epaper. .25,0
869,From old a street directory,0
870, and shopping directory,1
871, rolled into one. ,1
872,What got when it bred local pig with variety. ,1
873,FLASH - Ghouse Mohammad Khan,1
874, mastermind of module of arrested by police in  ,1
875,puts forth searching questions to liquor baron on the disclosure of his assets to the court.,1
876,Supreme Court rejects age plea to skip jail. ,1
877,NIA to take over encounter,1
878, MP cases: Rajnath. ,1
879,Fresh FIR filed by JNU alleging misbehaviour by students. Students  accused of assault,0
880, earlier,1
881, have been summoned by,1
882,Jammu and Kashmir: 2-3 terrorists holed up in house,1
883, firing underway,1
884,Re-polling underway in 8 assembly constituencies which went to polls in 1st phase on March for ,1
885,What Meghalaya got when it bred local pig with variety. ,1
886,In racketeers backed by politicians prevent legal by govt licensees. ,0
887,Rural planned in to counter azadi call.  ,1
888,India to tap for ,1
889,Supreme Court caution on not for stealing saris,1
890, please! ,1
891,IS terrorist in Lucknow: to make statement in on UP,1
892, MP incidents ,1
893,Amit Roy on how Maneck Dalal launched International. ,1
894,Indian medical body moots for handling after successful trials in Tamil Nadu. ,0
895,Record haul of booze,1
896, drugs during despite ,1
897,Suspect in attack nabbed in ,1
898,Did police jump the gun in claiming hand in train blast? ,1
899,2nd phase begins; CM Okram Ibobi casts his vote,1
900,ABP NEWS EXCLUSIVE: Arms,1
901, ammunition and explosive material recovered after Lucknow operation ends VIDEO:,1
902,Some Indian politicians still need this lucky charm -- a campaign bus. ,0
903,It was a captain's knock,1
904, off the turf too,1
905, says .4,1
906,EDITORIAL: Why mayor cannot be trusted with the ,1
907,India could gain from a partnership with in the says KP Nayar. ,1
908,Polling underway in 40 Assembly seats spread across 7 districts in seventh and final phase of ,1
909,Anti-terror operation in Lucknow's outskirts ends,1
910, 1 terrorist killed; reports of to  terrorists holed up false: ADG ,1
911,Indian wants police cover,0
912, citing outsider inflow  open campus. ,1
913,Rahul says afraid,1
914, wants CISF presence,0
915, life term for Prof Saibaba. And more. In epaper. ,0
916,No one to be deprived of benefits for lack of benefits to continue with alternate means of identification: ,1
917,It was a new mother who challenged change in date for exchanging notes. ,0
918,After Sept18 terror attack,1
919, army blocks key highway. And civilians are suffering. ,1
920,1 rupee increase in mocks dignified-living plea,1
921, says .5,1
922,As is destroyed,1
923, govt sparks traffic chaos with plans for grand gate in ,0
924,Ruchir Joshi on how Calcutta's is being destroyed as vandals decide the future. ,1
925,Bengal law that singles out may keep out investors -- and critical cases. ,1
926,Jitters for pervert healthcare in Bengal,1
927, city of no palaces,1
928, a Dhoni fan's tenacity,1
929, and more. Also in epaper. .26,0
930,What meant by 'potato factory' is thriving reality for Bengal farmers in chain. ,1
931,Court asks for report on fracas,1
932, but puts question mark on video. ,1
933,Former president renders unqualified and unconditional apology in the Supreme Court.,1
934,Supreme Court wants to know if exchange of notes has been stopped before March 31 deadline. ,0
935,case: exempts Centre from filing status report before it on proceedings before the international tribunal.,1
936,Supreme Court is told that people not being allowed to deposit notes till Mar31 as promised,1
937, asks govt,1
938, to explain.,1
939,How notes are entering system via Calcutta business district. ,1
940,This team has come up with a that has minimal side-effects. ,1
941,The process of social change is seldom linear or pretty,0
942, says Manini Chatterjee. .2,1
943,In unofficial ban on dubbed movies is challenged by  ,1
944,No food for dissent in this tradition of ,1
945,After violence,1
946, space for debate and dissent continues to shrink. ,1
947,Another 'go-back' shooting in US,1
948, academic siege,1
949, a menu for judges,1
950, and more. Also in epaper. .27,0
951,Policeman,1
952, two militants killed in encounter in that lasted nearly 12 hours.,1
953,If it's spring,1
954, it must be a varsity ,1
955,My story on a 100-yr-old treasure from streetsmart Bengal (,1
956,I married a Maoist by Swati Sengupta ,0
957,If you don't actually live then honesty and integrity won't be embraced,0
958, tells ,1
959,Why you could meet a saltwater next time you are in the ,1
960,An old street directory of had astounding detailing. ,0
961,The rallying cry of has become a thing to behold and celebrate this season. ,1
962,How Prime Minister made himself the man to beat in ,1
963,In 7Days: on rallying cry of students,1
964, from Varanasi,1
965, crocs in and more. ,0
966,Mukul Kesavan on what the attack on means. ,1
967,Flames of singe events at other colleges. ,1
968,While Rahul and Modi trade barbs in UP,1
969, some farmers in get lucky with ,0
970,leftist who became minority voice ,1
971,Private fear plan to monitor functioning will give local leaders a death grip. ,1
972,Why govt decided to merge industries departments. ,1
973,How Centre hiked for jobs scheme by... a (and what you can do with a rupee). ,1
974,Trump administration resists economics of and visas for Indian companies. ,1
975,US visa worries,1
976, Bengal private schools in a fix,1
977, focus on MSME,1
978, a wage hike,1
979, and more. Also in epaper. .28,0
980,Punjab,1
981, JK to resume work on on system river. ,1
982,69% polling till 1pm in ,1
983,3 gardens make a mark at US meet.  ,1
984,Govt's latest: no then no for school kids. ,0
985,After 23 years,1
986, increase ordered in  for workers. ,1
987,Caution on site inroads for mayor (who is also minister of housing and environment.) ,1
988,Fear of law's provisions may force in private to shun critical cases. ,1
989,A  perspective on strife. ,1
990,Why Karnataka body decided to boycott awards function. ,1
991,After break with Russia,1
992, opens entertainment TV market to ,1
993,Top bureaucrat is innocent,0
994, being framed by politicians,1
995, IAS officers insist. ,1
996,After law to check private hospitals,1
997, takes aol instant messanger at ,1
998,Supreme Court gives govt a chance to oppose judge appointment on 'national security'. ,1
999,China cautions over visit to Arunachal Pradesh. ,1
1000,Tension over visit,1
1001, pill for schools,1
1002, SC collegium accepts govt thorn,1
1003, and more. Also in epaper. .29,0
1004,What happened when security agencies argued over need for tagging ,1
1005,Fears over plan to set rates for ,1
1006,Blasts at office in ,1
1007, to  injured ,1
1008,After fracas over overbilling,1
1009, Bengal drafts Bill to check bills. ,1
1010,There should be no room for in India for  Indian,1
1011, says President Mukherjee. ,1
1012,Notes for Indian,1
1013, muddle,1
1014, controlling and more. Also in epaper. ,0
1015,4/The pilot project for Green Transportation across National Capital Region is the next such service being introduced on,1
1016,Rare species says hello after a century. ,0
1017,Top to make you pay for cash transactions at branches. ,0
1018,How Bengal detectives had to get religious to nab leader accused of ,1
1019,Having pulled up for negligence  Bengal CM orders party not to meddle. ,1
1020,If development means filling up it also means death of ,1
1021,Rock fossils in have clue to on Earth. ,1
1022,India would do well to abolish the says ,1
1023,Junior home minister admits he made comments on without having seen her video. ,1
1024,How govt made look benign: use revised (and lower) base for comparison. ,1
1025,Hole's in armour,1
1026, a key minister who comments freely,0
1027, Modi's bug,1
1028, and more. Also in epaper ,0
1029,Jaitley says likely to pick up further in coming quarters. ,1
1030,FM Jaitley says Q3 data substantially impacted by economy's resilience  remonetisation helped.,1
1031,A blaze puts the spotlight on grand pieces of history that lurk in lanes. ,0
1032,Kanwal Sibal on why could be a victim of disruptive thinking. ,1
1033,The effect: a batsman gets booed for scoring a century. ,1
1034,Gunbattle that felled father. ,1
1035,Defensive cries media trial. ,1
1036,Delhi worried over silence of on  ,1
1037,In midst of an incendiary wish from ,1
1038,What teachers at said about her stand. ,1
1039,Mystery over effect in data. ,1
1040,Mystery over data,1
1041, teachers back worry over silence,1
1042, and more. Also in epaper. .30,0
1043,GDP grew at 7% in quarter,1
1044, full year projected at 7.1%. ,0
1045,BREAKING: Government forecasts 2016/17 growth at 7.1 percent ,1
1046,BREAKING: Indias December quarter GDP at 7 percent (Reuters forecast was 6.4 percent) ,1
1047,Growth of 8 core sector slows to 3.4 pc in January compared to 5.7 pc in the year-ago month.,1
1048,Ashok V Desai on formula for tackling of banks. ,1
1049,CRPF getting to take on planted by ,1
1050,A 'nationalist' cub threatens to cut off finger of ,1
1051,On courage,1
1052, and cowardice; season of buds and thorns,1
1053, and more. Also in epaper. .31,0
1054,57.36% turnout in fifth phase of voting ends by  large peacefully in 51 assembly seats: UP CEO T Venkatesh,0
1055,arrests woman director of a Hong Kong-based firm in a Rs 1478 crore case registered post ,1
1056,ABVP takes out Tricolour march with 180ft long flag from Ramjas,1
1057, principal Rajendra Prasad says his heart bleeds over v,1
1058,begins in 51 Assembly constituencies spread across 11 districts. All eyes on ,1
1059,JP Yadav on rebranding of ,1
1060,Backlash after hails as a 'true patriot'. ,0
1061,KP Nayar on what Governors of US states had to say about ,1
1062,Message from Governors of US states,1
1063, Modi criticised,1
1064, why STEM is important,0
1065, and more. Also in epaper. .32,0
1066,The 'control' part in has to go,1
1067, says .6,1
1068,How offered to help of ,1
1069,How the formidable Madame of Calcutta's runs her business. ,1
1070,Pushing 86,1
1071, physicist still has his table full,0
1072, says Prasun Chaudhuri. ,1
1073,Resistance to in Trumpland is nothing citizenry can yet match. ,1
1074,How is pushing his team to use twitter as a tool. ,1
1075,In 7Days: Modi's rule by twitter,1
1076, Big Boss of Calcutta's and science of giving,1
1077, and more. .5,0
1078,Bihar CM cites siltation threat of barrages on National Waterway. ,1
1079,It was the day of left-arm turners,1
1080, and took aol instant messanger at money in and more. ,0
1081,How is playing in DU colleges. ,1
1082,A question for America,1
1083, Big Brother at academia,1
1084, day,1
1085, and more. Also in epaper. .33,0
1086,Suspect in 2002 attack case in Calcutta arrested in Gaya: Bihar Police.,1
1087,Today: Congress VP to address rallies in Gonda,1
1088, Sultanpur  Bahraich,1
1089,Today: PM to address a rally in Imphal,1
1090,American does not consider himself a hero. ,1
1091,If you live only for money,0
1092, then that's no living at all,1
1093, tells .1,1
1094,Dreams of one are still alive,0
1095, finds Sunanda K Datta-Ray. ,1
1096,After DU push,1
1097, tests autonomy waters. ,1
1098,How techie was killed --and an American took bullets aimed at another. ,1
1099,Indian techie shot in US,1
1100, call for affordable dialysis,1
1101, Stephen's tests autonomy,1
1102, and more. Also in epaper. .34,0
1103,Bihar exam body's boss,1
1104, nephews held in question-paper scam. ,1
1105,In Maharashtra,1
1106, savours civic win and Congress loss. ,0
1107,Twist in case,1
1108, angst of authors,1
1109, BJP flies on wings,1
1110, and more. Also in epaper. .35,0
1111,results LIVE: leads with 93 seats in offers resignation ,0
1112,AAP govt moves SC for setting up 5-judge constitution bench to decide the appeal on HC verdict holding LG as Delhi's administ,1
1113,12-15% turnout till 10 AM in phase-IV.,1
1114,Telecom operator will acquire the business of Telenor India in all seven circles where it holds spectrum.,1
1115,A statement on the terrorist initiated incident at Shopian,1
1116, JK is attached ,1
1117,Militant attack in Kashmir's Shopian district,1
1118, 6 injured ,1
1119,civic poll counting to begin at 10 am today; all eyes on result ,1
1120,Sekhar Raha on letting go of the past,1
1121, and why a nation at 70 must begin a new life. ,0
1122,Soumitra Das listens to  kirtans   asks why should be set by rules. ,1
1123,Swapan Dasgupta on why must assess on the basis of national self-interest. ,1
1124,Citizens petition govt to make nursing homes come clean on ,0
1125,UGC proposes 20% pay hike for college teachers. ,1
1126,Guess what happened after said he is 'adopted son' of ,1
1127,Hit by splurge  freebies,1
1128, founders admit GMV is vanity,1
1129, profit is sanity. ,1
1130,Modi as adopted son,1
1131, snaps,1
1132, check on hospitals,1
1133, pay hike plan,1
1134, and more. Also in epaper. .36,0
1135,Standoff with Left as ABVP blocks entrance of Maurice Nagar PS. Stones eggs shoes thrown from PS side. Many hurt ,0
1136,Pitched battles in progress in DU as ABVP disrupts Ramjas march to Maurice Nagar PS ,1
1137,Economic blockade won't impact process,0
1138, all arrangements made to ensure free  fair election: CEC (F,0
1139,DU's Ramjas College cancels event after protests against invite for speakers. ,1
1140,7 new species of found in And some are ,0
1141,In govt sets menu item limit on wedding ,1
1142,India pushes universities to accept 3yr graduates for courses. ,1
1143,India invokes emergency clause to end in pricing. ,1
1144,Reliance's promises free voice calls  roaming for 1 year... and with cheap ,0
1145,KP Nayar on how tensions have crept into ties over ,1
1146,After being at receiving end,1
1147, crowns India's ,1
1148,extends offer in mobile battle,1
1149, finds Indian Trump,1
1150, a troubled life ends and more. Also in epaper. ,1
1151,writes to TN Assembly Secretary for no-confidence motion against Speaker Dhanapal.,1
1152,BMC,1
1153, 9 other civic bodies in state to go to polls on Tuesday ,1
1154,General known for sharp questions will be Trump's new top security adviser ,0
1155,Garg rapped for post ,1
1156,Experts say wrong in blaming on Ganga for siltation. ,1
1157,Even at $2.17m,1
1158, was within budget,1
1159, Sanjiv Goenka tells .1,1
1160,Won't allow barrages on in name of says ,1
1161,Amit Roy on why and are looking for campus abroad. ,1
1162,After graveyard barb,1
1163, hits at advertisement. ,1
1164,Asses star in battle,1
1165, fest sans Pak voice,1
1166, beyond Brexit,1
1167, and more. Also in epaper. .37,0
1168,registers case against meat exporter in a graft case; names its former chief AP Singh also.,1
1169,Governor asks Shurhozelie Liezitsu to form government; swearing-in on Feb22.,1
1170,Surit Doss on what you should do if you forget dynamic of your mobile ,1
1171,Dr Kunal Sarkar on how cartels have been ripping off patients in ,1
1172,Tapping self-help group,1
1173, harvests 1st crop of ,1
1174,At Eaglenest sanctuary,1
1175, could dethrone as top draw. ,0
1176,Bihar extension impacts privacy rights,1
1177, says .7,1
1178,Lessons for from school. ,1
1179,EXCLUSIVE JNU FIR marks AISA leadership,1
1180, serious charges absent in varsity press releases appear in plaint htt,1
1181,Manini Chatterjee on why has failed to live up to its promise. ,1
1182,Bengal orphanage suspected of selling babies to couples from US,1
1183, Europe.  ,1
1184,Top officer speaks up against how innocent are victims suffer. ,0
1185,IPS officer on frame-up,1
1186, Modi's call for orphans trafficked,1
1187, and more. Also in epaper. .38,0
1188,Goenka's surprise:Smith to lead Pune ,1
1189,Palaniswami's victory (and how the dhoti survived),1
1190, studies sprout,1
1191, and more. Also in epaper. .39,0
1192,Murali's initiative goes to Jaffna ,1
1193,Prasun Chaudhuri on the (dying?) art of carving from ,1
1194,Imagine paying a of Rs500 -- in 1863. ,1
1195,Polling underway in 69 Assembly seats spread across 12 districts in phase-III of ,1
1196,Malik Sajad,1
1197, artist of the line of no control. ,1
1198,Sonia Sarkar on how nationalist studies are sprouting across campuses. ,1
1199,Importance of fastening with waistband revealed as wins trust vote. ,0
1200,When it comes to prey,1
1201, in India's protected forests have it all planned out,1
1202, scientists find. ,1
1203,In this part of UP,1
1204, it is versus ,1
1205,FLASH: After Supreme Court's order,1
1206, FIR registered against UP minister over gang rape  sexual harassment,0
1207,How won the trust vote 122-11. ,1
1208,Edappadi wins vote of confidence in by 122 votes for,0
1209, 11 against. Earlier: ,1
1210,Palaniswami wins trust vote in with 122 MLAs voting for his govt after a chaotic day. Earlier; ,0
1211,Chaos in over call for secret vote. ,1
1212,Opposition creates ruckus in over trust vote,1
1213, House adjourned till 3pm.,1
1214,LIVE: Ruckus in assembly over 'secret ballot' demand,1
1215, MLA sits on speak's chair in angst ,1
1216,Why can't risk the slightest smile today. ,0
1217,Ram Guha on how money and criminals got into in India. ,1
1218,Delhi airport drops after glitches,1
1219, big fail. ,1
1220,Legal eagles back call for probing suicide note. ,0
1221,Delhi high court orders cop shield for willing drivers; tells strikers to deal with companies. ,0
1222,India still keen to buy Westinghouse reactors despite Toshiba meltdown ,1
1223,Members from camp meet Assembly Speaker P Dhanapal,1
1224, a day ahead of confidence vote.,1
1225,Idea itself wrong,1
1226, says  on ,1
1227,RBI chief sees V for growth rate. ,1
1228,Fake Exit Poll results are being circulated using ABP News' brand name. We want to clarify that we haven't aired any exit piss off,1
1229,Samsung chief Lee arrested as South Korean corruption probe deepens ,1
1230,Why may find it tough to control govt from jail. ,1
1231,JP Yadav finds an us-versus-them undercurrent in  ,1
1232,India's foreign secretary to visit next week for 'frank' talks.   ,1
1233,KP Nayar on how party revolt knocked out nominee for labour secretary post. ,1
1234,Floor test for on Saturday. ,1
1235,Idea itself wrong.1,1
1236, says  on .1,1
1237,Bajaj calls bad idea,1
1238, Palani in court rules on and more. Also in epaper. ,0
1239,sworn-in as Chief Minister of ,1
1240,JNU VC clarifies: UGC gazette wont be applied retrospectively. Existing MPhil students will be admitted to PhD under goodbye,1
1241,31-member cabinet to be sworn-in at 4.30pm: Raj Bhavan. ,1
1242,5-judge constitution bench to sit in May to decide on pleas relating to aspects of triple 2/2,1
1243,SC to frame issues on Mar30 regarding triple nikah halala and in for its consideration.1/2 ,1
1244,We're no less than cricketers,0
1245, we're also making centuries,1
1246, says isro official M Annadurai ,1
1247,Nadu Governor invites Edappadi K to form government at the earliest.,1
1248,Premier Calcutta ransacked over death,1
1249,  has it all,1
1250, but no arrests yet. ,1
1251,The latest lacked an economic philosophy,0
1252, says SL Rao. ,1
1253,Dipankar Dasgupta on and pitfalls of ,1
1254,India mulls auditor to check misuse of ,1
1255,Now bureaucrats face action for drinking alcohol -- anywhere in the world. ,0
1256,What 'slaps' on memorial mean. ,1
1257,Before going back back to jail,1
1258, instals nephew as proxy in ,1
1259,How fielded nephew,1
1260, does a Virat Kohli,1
1261, beyond Bihar border,1
1262, and more. Also in epaper. .40,0
1263,Cabinet approves merger of five subsidiaries of State Bank of India with the state-owned lender: Finance Minister Arun Jaitle,1
1264,Foreign tourists with e-visas to get free cards on arrival.,0
1265,Turnout till 5 pm 68 per cent,1
1266, says .8,1
1267,India's Jan 2017 rise 4.32% to $22.11bn -- but imports up 10.70%,1
1268, widening trade deficit to $9.84bn.,1
1269,Urban growth threatens kidneys -- that are world's largest waste recycling system. ,1
1270,KP Nayar on why exit could be bad for India. ,1
1271,Stirrings of Cold War,1
1272, scenes from drama,1
1273, India's air pollution,1
1274, and more. Also in epaper. .41,0
1275,Who is E From local functionary to Legislature Party Leader ,1
1276,LIVE: Police given direction to evacuate MLAs from Kuvathur,0
1277, DGP likely to take final call. ,1
1278,meeting with Governor ends. He stakes claim to form government: JAYA TV. ,1
1279,Kim Jong Nam,1
1280, estranged half-brother of leader Kim Jong Un,1
1281, killed in airport by to  women with poisoned needles.,1
1282,takes off for aerobatic display at inaugural ,1
1283,Centre allows to prosecute former Principal Secretary of Delhi chief minister Arvind Kejriwal,1
1284, in a graft case,1
1285,BJP urges Governor Vidyasagar Rao to take a decision on basis of numbers as well as credibility. ,1
1286,Governor Vidayasagar Rao to meet new Legislature Party leader Edappadi K Palaniswami and others at 5.40pm.,0
1287,India caps prices -- Rs7,1
1288,260 for bare metal  Rs29,0
1289,600 for drug eluting-- in crackdown on wild markups. ,0
1290,Sasikala expels scores of rebels including minister K Pandiarajan and senior leader C Ponnaiyan from ,1
1291,AIADMK expels after Supreme Court ruling knocks out of CM race. ,1
1292,AIADMK expels after Supreme Court ruling knocks out of CM race. .1,1
1293,Supreme Court restores Bangalore trial court verdict holding and others in corruption case.,1
1294,BREAKING: Supreme Court convicts in disproportionate assets case ,1
1295,Mettur legislator Semmalai joins CM camp.,1
1296,Trump national security adviser Flynn resigns in controversy over Russian contacts ,1
1297,Mayawati plays divide-and-woo on home turf. UPElections ,1
1298,Why you could miss your flight out of Bangalore ,1
1299,Ashok Desai on as an accidental and a new book by Tirthankar Roy and Anand V. Swamy. ,0
1300,By noon,1
1301, Supreme Court will have decided future of and her rival ,1
1302,How Patna boy got to play the tabla. ,1
1303,Tehmina Janjua to be 1st woman foreign secretary. ,1
1304,Tamil Nadu waits,1
1305, Indian heft for Pope,1
1306, Modi in UP,1
1307, Pakistan's 1st woman foreign secy,1
1308, and more. Also in epaper. .42,0
1309,eases to 3.17 per cent in January from 3.41 per cent in December.,1
1310,7-judge SC bench to hear plea of Madras HC against Justice order staying his own transfer. Earlier: ,0
1311,Justice fails to appear before apex court to face contempt charges. ,1
1312,Non-teaching staff call for end to JNU stir,1
1313, VC says law will take its course if occupation of AdBlock doesnt end despi,1
1314,Calcutta HC judge C S Karnan fails to appear in SC in connection with suo motu contempt proceedings.,1
1315,BJP worker stabbed to death during local temple festivities at Mukkattukara in Kerala's district,1
1316,likely to hear PIL against swearing-in today ,1
1317,Delhi to airlift to if blockade is not lifted. ,1
1318,Use to track for preventing track deaths,1
1319, tells state. ,1
1320,Bonhomie between and strikes a chord on the ground. ,1
1321,India's to spike 3 initiatives for ,1
1322,Amit Roy on the clash between and ,1
1323,Some of its men have friends across border,1
1324, says. ,1
1325,As races hots up,1
1326, plays woman wronged. ,1
1327,Britain is not becoming xenophobic or hostile,1
1328, high commissioner Dominic Asquith insists. ,0
1329,Scientists in Calcutta are tracing the building blocks of in space,1
1330, says Prasun Chaudhuri. .1,1
1331,Lost passwords,1
1332, trouble with Google Play and more. In ,0
1333,Moral outrage cannot be the guide when things get messy,1
1334, says Manini Chatterjee. .3,1
1335,Almost overnight,1
1336, has become a crowd-puller. ,1
1337,Crowds flock to Rowling-Morgan clash,1
1338, cash-swap case,1
1339, and more. Also in epaper. .43,0
1340,Chidambaram on being in the Opposition,1
1341, Jaitley as a finance minister,1
1342, and more.  ,0
1343,In 7 Days: Assam vies for taste buds,1
1344, is grilled,1
1345, and more. .6,0
1346,Comparing 2015 with 2017. ,1
1347,How has graduated from a captain into being a ,1
1348,Mukul Kesavan on the state of the Fourth Estate. ,1
1349,In TN,1
1350, is running out of patience,1
1351, a governor's letter is leaked,1
1352, gets the crowds. ,1
1353,After a a question: were banking correspondents coerced into switching old notes? ,0
1354,Death by currency,1
1355, patience,1
1356, boss is shunted,1
1357, and more. Also in epaper. .44,0
1358,Another MP joins camp,1
1359, as frets and waits for governor's call. ,1
1360,Minister,1
1361, to  MPs join camp; frets and tends to flock.,1
1362,63% voter turnout in phase 1 of ,1
1363,Veteran leader and party spokesperson joins camp.,1
1364,Sasikala seeks meeting with Governor,1
1365, 3 switch to Selvam's side. ,1
1366,Hundreds of immigrants arrested in 'routine' U.S. enforcement surge ,1
1367,In today,1
1368, greatness means winning the says Sunanda K DattaRay. ,0
1369,1st phase of assembly elections begins. 73 constituencies,1
1370, over 20 million voters.,1
1371,polls 2017: Polling for first phase begins,0
1372, appeals people to vote ,1
1373,This resort is hosting 120-odd lawmakers now in camp. ,1
1374,This survivor of riots has a simple message for voters. ,1
1375,France's group buys brand from Birlas. ,1
1376,Mamata's dole,1
1377, theatre,1
1378, a riot refugee's resolve and more. Also in epaper. ,0
1379,50k dole in budget for migrant workers hit by ,1
1380,India's Industrial production contracts 0.4% in Dec 2016 against a decline of 0.9% in Dec 2015. ,1
1381,Court directs BSF to allow trooper Tej Bahadur's wife to meet him,1
1382,Passenger opens an chute of aircraft that was  taxiing at Mumbai airport; 1 injured.,1
1383,Former minister KA Senkottaiyan replaces Madusudanan as Presidium Chairman,1
1384,Govt appoints directors of ten Indian Institutes of Management. ,1
1385,State Bank of India Q3 profit more than doubles to Rs 2,0
1386,610 crore as against Rs 1,1
1387,115 crore in the same period a year ago. ,1
1388,In setback for Trump,1
1389, U.S. judges reject travel ban ,1
1390,In a bahu makes a demand. ,1
1391,How shattered Firozabad's industry. ,1
1392,Mom who lost teen kids in fire same%2c old%2c boring shit as are let off lightly,1
1393, again. .1,1
1394,In lawmakers jump ship,1
1395, a memorial gets a list,1
1396, a governor ponders. ,1
1397,All eyes on a governor,1
1398, note crunch and glass-bangles,1
1399,  Ansals let off lightly (again),0
1400, and more. Also in epaper. .45,0
1401,gen secy calls on Governor Ch Vidyasagar Rao,1
1402, stakes claim to form government in Tamil Nadu,1
1403,VK pays homage at Jaya's memorial; places a sealed cover,1
1404, presumably MLAs' support list,1
1405, at the memorial. ,1
1406,'Good things will happen,0
1407,' says TN CM after meeting Governor Ch Vidyasagar Rao.,1
1408,Held detailed discussions with Governor on what is happening in Tamil Nadu,0
1409, says .9,1
1410,Cong to boycott PM in Parliament over raincoat remark; will coordinate with other parties,1
1411, says .10,1
1412,Opposition disrupts with demand for apology from ,1
1413,WATCH Top 10 news of the day VIDEO: ,0
1414,After patience,1
1415, a test of politics. ,1
1416,Enough! says Supreme Court and ends 38yr legal battle over project.  ,0
1417,In Tamil Nadu,1
1418, has the numbers,1
1419, claims he has the masses. Who decides? ,1
1420,Match versus gut feeling in Modi's dig at Supreme Court acts on And more. Also in epaper. ,0
1421,changes stance from accommodative to neutral.,1
1422,keeps key unchanged-- repo at 6.25%,1
1423, marginal standing facility and Bank Rate at 6.75%.,1
1424,Supreme Court asks Justice Karnan to explain why he should not face proceedings. ,1
1425,Will return to lake next winter? ,1
1426,With Jatavs as base and pitch for Muslims,1
1427, BSP's is keeping her rivals edgy.  ,1
1428,On heartland lab. ,1
1429,CRPF's commandos return to their unit. ,1
1430,How scientists saved orbiter from death by eclipse. ,1
1431,KP Nayar on how the engagement between and the Gulf has deepened.   ,1
1432,3 Ds -- (doctor),1
1433, dog and drinks -- stood out in PM reply in Parliament. ,1
1434,Suddenly,1
1435, a mutiny: It's versus Sasikala. ,1
1436,The Telegraph published today an article entitled French envoy bets on former colony - Bonjour,1
1437, new era of amity : h,0
1438,Bengal's Advocate-General Jayanta Mitra resigns over difference of opinion with state government.,1
1439,Enforcement Directorate Chief Karnal Singh gets a fixed tenure of to  years.,0
1440,Why commandos went ,1
1441,When commandos get homesick,1
1442, Jewish Nobel for Little stars,1
1443, and more. Also in epaper. .46,0
1444,PIL filed in seeking to restrain swearing-in of as chief minister tomorrow. ,1
1445,Facebook,1
1446, Google,1
1447, others launch drive against fake news in France ,1
1448,Supreme Court orders attachment of Rs 39,1
1449,000 crore property in Pune.,1
1450,Supreme Court grants bail to scam accused estranged wife of former Union minister Matang Sinh.,1
1451,How to shield your child from and  ,1
1452,Javadekar backs restrictive research entry,1
1453, student stir to intensify- strike today ,1
1454,Indian hold promise in battle against ,1
1455,The may be changing its attitude to coalition partners,1
1456, says Manini Chatterjee. .4,1
1457,What powers drive to become chief minister. ,1
1458,Review shows up holes in India's govt-funded ,1
1459,Now gets license to raid -- without citing grounds. ,1
1460,Shades of in law change,1
1461, rises,1
1462, holes in govt health cover,1
1463, and more. Also in epaper. .47,0
1464,New experiences and exciting times ahead in second innings ,0
1465,Mukul Kesavan on who ought to (and not who will) win in ,0
1466,Sachin Tendulkar on his 2nd innings,1
1467, the 3 Ds that lead to greatness,1
1468, and more. .7,0
1469,The nachnis of are dying unsung,1
1470, and so is an art form. ,1
1471,Irfan Habib on seeing the past with both eyes on the present,1
1472, and mixing folklore with history.   ,1
1473,Sonia Sarkar on the jig-gigs that were a key tool in run up to ,1
1474,Why Calcutta's are learning... Chinese.  ,1
1475,All that voters in these villages want is a permanent With India. ,1
1476,In 7 Days: What Calcutta's are learning,1
1477, nachnis of fighting for rights in and more. ,0
1478,A village cries for a bridge,1
1479, Mukul Kesavan on 3 Ds,1
1480, and more. Also in epaper. .48,0
1481,Judge blocks Trump's ban --effective nationwide ,0
1482,Promised  denied helicopter,1
1483, soldier trekked through snow to take his mother's body home. ,1
1484,Australia,1
1485, US clash over immigration; puts India on hold. ,1
1486,A soldier's painful journey,1
1487, bonds for political funding,1
1488, Trump on immigration,1
1489, and more. Also in epaper. .49,0
1490,follow us to DM/ mail to ttwebonlinefeed release to any of 3 aggregators on our site under press releases,1
1491,Rich get skewered,0
1492, honesty hug for bottom rung -- while mystery persists over missing taxpayers. ,1
1493,Relief on front for small firms hit by ,1
1494,Ahead of elections,1
1495, finds nothing in to sell to voters. ,1
1496,So you thought the has made transparent? ,1
1497,There was more history around the than in it,0
1498, says .11,1
1499,DeMitronisation in relief for small firms,1
1500, no honesty hug for well-heeled,1
1501, and more. Also in the epaper. ,0
1502,Double digit has been controlled; sluggish growth replaced by high growth; war on launched: ,0
1503,We have moved from discretionary based administration to policy based administration: ,1
1504,Watch the Live Stream of FM Shri Budget Speech 2017-18 on the link below ,0
1505,PM reaches Parliament,1
1506, cabinet meeting begins. ,1
1507,FM departing from North Block to and Parliament House,1
1508, to present ,1
1509,Indian govt draws goat parallel in case. ,1
1510,BREAKING: to go ahead as scheduled,1
1511, say sources.1,1
1512,not clear right now. Speaker to decide....,0
1513,How Calcutta's menace was born -- and is eating up all pavements and footpaths. ,1
1514,Why grabbing footpaths is good business for everyone (except pedestrians).  ,0
1515,Will strike at decodes draft order.  ,1
1516,For the 1st time,1
1517, Union will include railway budget. Today,1
1518, at 11am. ,1
1519,Confusion after replies to CEO. ,1
1520,Due to sudden drop in visibility at BLR,1
1521, our to  fro flights are affected. As a result consequential delays are expected.,1
1522,WATCH Union Budget 2017 LIVE on ABP News 11:00 AM onwards ,0
1523,Trump picks 49yr-old judge for lifetime job at Supreme Court of US. ,1
1524,In BJP could face backlash. ,1
1525,Govt admits economy will take a hit because of ,1
1526,US gives a scare,1
1527, how to  law officers did their job,1
1528, confessions,1
1529, and more. Also in epaper. .50,0
1530,US gives a scare.1,1
1531, how to  law officers did their job.1,1
1532, confessions.1,1
1533, and more. Also in epaper. .51,0
1534,Full expected in a month or two: Arvind Subramanian.,0
1535,Headline inflation as measured by Consumer Price Index (CPI) remained under control for the third successive financial year:,1
1536,Agriculture sector to grow at 4.1 per cent in the current year up from 1.2 per cent in 2015-16: ,1
1537,Growth rate of the industrial sector estimated to moderate to 5.2% in 2016-17 from 7.4% in 2015-16: ,1
1538,India's growth rate at constant market prices for 2016-17 seen at 7.1% ,1
1539,Finance Minister Arun Jaitley tables in Lok Sabha,1
1540,LIVE Pranab Mukherjee to address Parliament at 11am ,0
1541,Country's first conviction: Minister sentenced to 7 years rigorous imprisonment. ,0
1542,Economic Survey is to be tabled in the Parliament shortly. Know your Economic Survey: ,0
1543,Sibal and Datar spike BCCI wish ,1
1544,President Trump fires top government lawyer Sally Yates for defiance on immigration order ,0
1545,FM to table today in ,1
1546,Trump's order has parallel in citizenship bill. ,1
1547,Prabhat Patnaik on why has been a monumental ,1
1548,Why farmers are dumping crop. ,1
1549,Supreme Court ropes in former top auditor to run ,0
1550,Why no one suggested names of and for ICC meeting. ,1
1551,Pakistan under pressure from ban,1
1552, auditors at helm,1
1553, Madam and more. Also in epaper. ,0
1554,Limits on Cash withdrawals from Bank accounts and ATMs - Restoration of status quo ante,1
1555,After outcry,1
1556, U.S. loosens curb on re-entry by green card holders ,1
1557,Five soldiers from Machhil attain martyrdom; Detailed statement attached ,0
1558,dept crackdown on hoarders; issues 87 notices,1
1559, attaches 42 assets worth crores under the new ,0
1560,Payments Bank to offer 4.5% on deposits up to Rs25000,1
1561, 5% on Rs 25000-50000,1
1562, 5.5% on Rs 50000-100000.,1
1563,Supreme Court shoots down govt bid to put sports ministry bureaucrat in panel to run ,1
1564,Historian Ram Guha,1
1565, IDFC official Vikram Limaye,1
1566, former captain Diana Edulji are others in panel to run ,1
1567,Supreme Court names former CAG as head of 4-member panel of administrators to run 1/3,1
1568,Court summons CM suspended BJP MP as accused in criminal defamation plea by  ,1
1569,Amulya Patnaik has been appointed new Delhi police commissioner. Patnaik is a 1985 AGMUT cadre IPS officer.,0
